sector,rows,usable_rows,avg_authenticity_index,avg_theme_overlap,avg_theme_emphasis_similarity,avg_tone_alignment,coverage_for_index
Energy,90,83,0.6375253012048193,0.6753199999999999,0.5165168674698795,0.7536188888888888,0.9222222222222223
Financials,90,79,0.5952544303797469,0.5643644444444444,0.5356907894736842,0.6929466666666667,0.8777777777777778
Healthcare,90,74,0.5810351351351352,0.6469244444444444,0.3469418918918919,0.7568444444444444,0.8222222222222222
Consumer Discretionary,90,70,0.5498785714285714,0.48025666666666667,0.43787,0.7343333333333334,0.7777777777777778
Technology,90,67,0.5152970149253732,0.4856550561797753,0.3459921875,0.7177100000000001,0.7444444444444445
